{"cameraMode":{"drawMode":0,"name":"Shaded","section":"Shading Mode"},"sceneLighting":true,"audioPlay":false,"sceneViewState":{"showFog":true,"showMaterialUpdate":false,"showSkybox":true,"showFlares":true,"showImageEffects":true,"showParticleSystems":true},"in2DMode":false,"pivot":{"x":11.352272987365723,"y":-23.379859924316408,"z":-19.10626983642578},"rotation":{"x":0.052772849798202518,"y":0.9454660415649414,"z":-0.16221946477890016,"w":0.2790437936782837},"size":50.517189025878909,"orthographic":false}